Year,Total_Lower,Total_Upper
2025,162.0226303,198.0276593
2026,192.5688723,235.361955
2027,219.7173917,268.5434788
2028,247.0685671,301.9726931
2029,270.9324823,331.1397006
2030,293.9792625,359.3079875
